,Job Title,Job Qualifications,URL,Type,Work Hours,Kota,Georeferenced,Longitude,Latitude
0,Python Machine Learning,"AWS Lambda, Amazon Redshift, Amazon Web Services (AWS), Data Science, Machine Learning, Pandas (Software), PyTorch, Python (Programming Language), Tableau, and TensorFlow",https://www.linkedin.com/jobs/search/?currentJobId=4014358169&distance=25&geoId=102478259&keywords=Data%20Scientist&origin=JOB_SEARCH_PAGE_KEYWORD_HISTORY&refresh=true,Remote,Full-time,Indonesia,POINT (117.343188 -0.878596),117.343188,-0.878596
1,Python Machine Learning,"AWS Lambda, Amazon Redshift, Amazon Web Services (AWS), Data Science, Machine Learning, Pandas (Software), PyTorch, Python (Programming Language), Tableau, and TensorFlow",https://www.linkedin.com/jobs/search/?currentJobId=4014358169&distance=25&geoId=102478259&keywords=Data%20Scientist&origin=JOB_SEARCH_PAGE_KEYWORD_HISTORY&refresh=true,Remote,Full-time,Indonesia,POINT (117.343188 -0.878596),117.343188,-0.878596
2,Computer Aided Design Engineer,"3D Modeling, AutoCAD, Computer-Aided Design (CAD), Design Engineering, Revit, SketchUp, Solar PV Design, and Technical Drawing",https://www.linkedin.com/jobs/search/?currentJobId=3901312193&distance=25&geoId=102478259&keywords=Data%20Scientist&origin=JOB_SEARCH_PAGE_KEYWORD_HISTORY&refresh=true,Remote,Full-time,Indonesia,POINT (117.343188 -0.878596),117.343188,-0.878596
3,Software Engineer,"Amazon Web Services (AWS), Back-End Web Development, C++, JavaScript, Next.js, Node.js, OpenGL, Python (Programming Language), Software Development, and TypeScript",https://www.linkedin.com/jobs/search/?currentJobId=4016413337&distance=25&geoId=102478259&keywords=Data%20Scientist&origin=JOB_SEARCH_PAGE_KEYWORD_HISTORY&refresh=true,Remote,Full-time,Jakarta,POINT (106.84634081531794 -6.196639809431919),106.84634081531794,-6.196639809431919
4,Artificial Intelligence Engineer,"Angular, Artificial Intelligence (AI), Back-End Web Development, Django, Flask, Front-End Development, Spring Boot, Spring Framework, Svelte, Vue.js",https://www.linkedin.com/jobs/search/?currentJobId=4017080713&distance=25&geoId=102478259&keywords=Data%20Scientist&origin=JOB_SEARCH_PAGE_KEYWORD_HISTORY&refresh=true,Remote,Full-time,Surabaya,POINT (112.740515 -7.244582),112.740515,-7.244582
5,Platform Engineer,"Amazon Web Services (AWS), Container Orchestration, Containerization, Continuous Integration and Continuous Delivery (CI/CD), DevOps, Grafana, Infrastructure as code (IaC), Kubernetes, Scripting, Skill Development, and Unconscious Bias Awareness Training",https://www.linkedin.com/jobs/search/?currentJobId=3980306195&distance=25&geoId=102478259&keywords=Data%20Scientist&origin=JOB_SEARCH_PAGE_KEYWORD_HISTORY&refresh=true,Remote,Full-time,Indonesia,POINT (117.343188 -0.878596),117.343188,-0.878596
6,Sales for AI Solutions,"Account Management, Communication, Customer Satisfaction, Customer Service, Direct Sales, Negotiation, Sales, Sales Management, Sales Operations, and Sales Processes",https://www.linkedin.com/jobs/search/?currentJobId=4013806703&distance=25&geoId=102478259&keywords=Data%20Scientist&origin=JOB_SEARCH_PAGE_KEYWORD_HISTORY&refresh=true,Remote,Contract,Indonesia,POINT (117.343188 -0.878596),117.343188,-0.878596
7,Data Scientist,"Data Science, Deep Learning, Engineering Documentation, Machine Learning, Pattern Recognition, Prediction, Predictive Analytics, PyTorch, Statistical Data Analysis, Technical Documentation",https://www.linkedin.com/jobs/search/?currentJobId=3992117571&distance=25&geoId=102478259&keywords=Data%20Scientist&origin=JOB_SEARCH_PAGE_KEYWORD_HISTORY&refresh=true,On-site,Full-time,Jakarta,POINT (106.84634081531794 -6.196639809431919),106.84634081531794,-6.196639809431919
8,Data Scientist,"Analytics, Data Science, English, Industrial Automation, Manufacturing Processes, Programming Languages, and Python (Programming Language)",https://www.linkedin.com/jobs/search/?currentJobId=4007781153&distance=25&geoId=102478259&keywords=Data%20Scientist&origin=JOB_SEARCH_PAGE_KEYWORD_HISTORY&refresh=true,On-site,Contract,Cikarang,POINT (106.95 -6.15),106.95,-6.15
9,Analys Programmer,"Computer Engineering, Computer Science, Databases, Git, JavaScript, Programming, Programming Languages, Python (Programming Language), SQL, SQL Database Administration, Software Development, Web Applications, and jQuery",https://www.linkedin.com/jobs/search/?currentJobId=4013459022&distance=25&geoId=102478259&keywords=Data%20Scientist&origin=JOB_SEARCH_PAGE_KEYWORD_HISTORY&refresh=true,On-site,Full-time,Jakarta,POINT (106.84634081531794 -6.196639809431919),106.84634081531794,-6.196639809431919
10,Data Contributor,"Data Entry, Email, Information Technology, and Spam Filtering",https://www.linkedin.com/jobs/search/?currentJobId=3960228593&distance=25&geoId=102478259&keywords=Data%20Scientist&origin=JOB_SEARCH_PAGE_KEYWORD_HISTORY&refresh=true,Remote,Contract,Surabaya,POINT (112.740515 -7.244582),112.740515,-7.244582
11,Data Scientist,C++ and Python (Programming Language),https://www.linkedin.com/jobs/search/?currentJobId=4003664133&distance=25&geoId=102478259&keywords=Data%20Scientist&origin=JOB_SEARCH_PAGE_KEYWORD_HISTORY&refresh=true,On-site,Full-time,Jakarta,POINT (106.84634081531794 -6.196639809431919),106.84634081531794,-6.196639809431919
12,Data Scientist,"Analytics, Communication, Data Management, Data Science, Design of Experiments (DOE), Git, Interpersonal Communication, Natural Language Processing (NLP), Problem Solving, Technical Requirements",https://www.linkedin.com/jobs/search/?currentJobId=3919849049&distance=25&geoId=102478259&keywords=Data%20Scientist&origin=JOB_SEARCH_PAGE_KEYWORD_HISTORY&refresh=true,On-site,Full-time,Jakarta,POINT (106.84634081531794 -6.196639809431919),106.84634081531794,-6.196639809431919
13,Research And Development Scientist,"Cost-Benefit Analysis, Formulation, Meat, Product Evaluations, and Research and Development (R&D)",https://www.linkedin.com/jobs/search/?currentJobId=4017792626&distance=25&geoId=102478259&keywords=Data%20Scientist&origin=JOB_SEARCH_PAGE_KEYWORD_HISTORY&refresh=true,On-site,Full-time,Batang,POINT (109.73091568863286 -6.9064986322177955),109.73091568863286,-6.906498632217796
14,Data Scientist,"Analytical Solutions, Communication, Data Science, Machine Learning, Predictive Analytics, Problem Solving, Python (Programming Language), R (Programming Language), Statistics, Technical Documentation",https://www.linkedin.com/jobs/search/?currentJobId=3962932342&distance=25&geoId=102478259&keywords=Data%20Scientist&origin=JOB_SEARCH_PAGE_KEYWORD_HISTORY&refresh=true,On-site,Internship,Jakarta,POINT (106.84634081531794 -6.196639809431919),106.84634081531794,-6.196639809431919
15,Data Scientist,"Business Requirements, Communication, Data Management, Data Manipulation, Data Science, Interpersonal Communication, Scikit-Learn, Technical Specs, TensorFlow, XGBoost",https://www.linkedin.com/jobs/search/?currentJobId=3982926334&distance=25&geoId=102478259&keywords=Data%20Scientist&origin=JOB_SEARCH_PAGE_KEYWORD_HISTORY&refresh=true,On-site,Full-time,Jakarta,POINT (106.84634081531794 -6.196639809431919),106.84634081531794,-6.196639809431919
16,Data Science,"Analytics, Artificial Intelligence (AI), Communication, Data Engineering, Data Science, Data Visualization, Natural Language Processing (NLP), Problem Solving, Statistics, Visualization",https://www.linkedin.com/jobs/search/?currentJobId=3977667934&distance=25&geoId=102478259&keywords=Data%20Scientist&origin=JOB_SEARCH_PAGE_KEYWORD_HISTORY&refresh=true,On-site,Full-time,Jakarta,POINT (106.84634081531794 -6.196639809431919),106.84634081531794,-6.196639809431919
17,Data Scientist User Centric Analytics,"Apache Spark, Artificial Intelligence (AI), Computer Science, Data Science, Mathematics,Prediction, Python (Programming Language), Statistical Analysis, Statistical Modeling, TensorFlow",https://www.linkedin.com/jobs/search/?currentJobId=4014355649&distance=25&geoId=102478259&keywords=Data%20Scientist&origin=JOB_SEARCH_PAGE_KEYWORD_HISTORY&refresh=true,Hybrid,Full-time,Jakarta,POINT (106.84634081531794 -6.196639809431919),106.84634081531794,-6.196639809431919
18,Data Analyst,"Attention to Detail, Business Analytics, Critical Thinking, Data Analysis, MySQL, Python (Programming Language), and Statistical Tools",https://www.linkedin.com/jobs/search/?currentJobId=4002197158&distance=25&geoId=102478259&keywords=Data%20Scientist&origin=JOB_SEARCH_PAGE_KEYWORD_HISTORY&refresh=true,On-site,Full-time,Jakarta,POINT (106.84634081531794 -6.196639809431919),106.84634081531794,-6.196639809431919
19,Machine Learning Engineer,"Artificial Intelligence (AI), Business Requirements, Data Science, Interpersonal Communication, MLflow, Machine Learning, Pattern Recognition, Scikit-Learn, Technical SpecsTensorFlow",https://www.linkedin.com/jobs/search/?currentJobId=3909120263&distance=25&geoId=102478259&keywords=Data%20Scientist&origin=JOB_SEARCH_PAGE_KEYWORD_HISTORY&refresh=true,On-site,Full-time,Jakarta,POINT (106.84634081531794 -6.196639809431919),106.84634081531794,-6.196639809431919
20,Artificial Intelligence Engineer,"Angular, Artificial Intelligence (AI), Back-End Web Development, Django, Flask, Front-End Development, Spring Boot, Spring Framework, Svelte, Vue.js",https://www.linkedin.com/jobs/search/?currentJobId=4017079765&distance=25&geoId=102478259&keywords=Data%20Scientist&origin=JOB_SEARCH_PAGE_KEYWORD_HISTORY&refresh=true,Remote,Full-time,Jakarta,POINT (106.84634081531794 -6.196639809431919),106.84634081531794,-6.196639809431919
21,Data Scientist,"Business Requirements, Data Management, Data Manipulation, Data Science, Interpersonal Communication, Machine Learning, SQL, Scikit-Learn, Technical Requirements, Technical Specs",https://www.linkedin.com/jobs/search/?currentJobId=3987506333&distance=25&geoId=102478259&keywords=Data%20Scientist&origin=JOB_SEARCH_PAGE_KEYWORD_HISTORY&refresh=true&start=25,On-site,Full-time,Jakarta,POINT (106.84634081531794 -6.196639809431919),106.84634081531794,-6.196639809431919
22,Full Stack Engineer,"Cascading Style Sheets (CSS), Django, Full-Stack Development, HTML, Programming, SASS, Software Development, Vue.js, Web Applications, and Web Development",https://www.linkedin.com/jobs/search/?currentJobId=4014192628&distance=25&geoId=102478259&keywords=Data%20Scientist&origin=JOB_SEARCH_PAGE_KEYWORD_HISTORY&refresh=true&start=25,Hybrid,Full-time,Denpasar,POINT (115.21671667855678 -8.671656304136919),115.21671667855678,-8.671656304136919
23,Software Engineer,"Computer Science, Programming, Programming Languages, Software Development, and Web Applications",https://www.linkedin.com/jobs/search/?currentJobId=3986196797&distance=25&geoId=102478259&keywords=Data%20Scientist&origin=JOB_SEARCH_PAGE_KEYWORD_HISTORY&refresh=true&start=25,Hybrid,Full-time,Jakarta,POINT (106.84634081531794 -6.196639809431919),106.84634081531794,-6.196639809431919
24,Artificial Intelligence & Data  ID,"Analytics, Big Four Accounting Firms, Data Ingestion, ETL Tools, Extract, Transform, Load (ETL), Google Cloud Dataflow, Problem Solving, Project Teams, Service Orientation (Social), Strategy to Execution",https://www.linkedin.com/jobs/search/?currentJobId=3975013615&distance=25&geoId=102478259&keywords=Data%20Scientist&origin=JOB_SEARCH_PAGE_KEYWORD_HISTORY&refresh=true&start=25,On-site,Full-time,Jakarta,POINT (106.84634081531794 -6.196639809431919),106.84634081531794,-6.196639809431919
25,Data Scientist,"Business Process, Computer Science, Data Engineering, Data Models, Data Science, Data Visualization, Optimization, Pattern Recognition, Predictive Analytics, Statistical Data Analysis",https://www.linkedin.com/jobs/search/?currentJobId=4000193580&distance=25&geoId=102478259&keywords=Data%20Scientist&origin=JOB_SEARCH_PAGE_KEYWORD_HISTORY&refresh=true&start=25,On-site,Full-time,Jakarta,POINT (106.84634081531794 -6.196639809431919),106.84634081531794,-6.196639809431919
26,Data Scientist,"Artificial Intelligence (AI), Data Science, Deep Learning, Econometrics, English, Machine Learning, MySQL, PostgreSQL, Python (Programming Language), and SQL",https://www.linkedin.com/jobs/search/?currentJobId=3967875616&distance=25&geoId=102478259&keywords=Data%20Scientist&origin=JOB_SEARCH_PAGE_KEYWORD_HISTORY&refresh=true&start=25,Hybrid,Full-time,Jakarta,POINT (106.84634081531794 -6.196639809431919),106.84634081531794,-6.196639809431919
27,Data Scientist,"Computer Science,Data Manipulation, Data Science, Machine Learning, Python (Programming Language), SQL, Statistical Analysis, Statistics, Technical Documentation, Visualization",https://www.linkedin.com/jobs/search/?currentJobId=3973608232&distance=25&geoId=102478259&keywords=Data%20Scientist&origin=JOB_SEARCH_PAGE_KEYWORD_HISTORY&refresh=true&start=25,On-site,Full-time,Jakarta,POINT (106.84634081531794 -6.196639809431919),106.84634081531794,-6.196639809431919
28,Artificial Intelligence Engineer,"Angular, Artificial Intelligence (AI), Back-End Web Development, Django, Flask, Front-End Development, Spring Boot, Spring Framework, Svelte, Vue.js",https://www.linkedin.com/jobs/search/?currentJobId=4017084003&distance=25&geoId=102478259&keywords=Data%20Scientist&origin=JOB_SEARCH_PAGE_KEYWORD_HISTORY&refresh=true&start=25,Remote,Full-time,Yogyakarta,POINT (110.36450235280027 -7.800954474217425),110.36450235280029,-7.800954474217425
29,ECommerce Data Analyst,"Analytical Skills, Attention to Detail, Communication, Digital Marketing, Keyword Research, Leadership, Marketing, Oral Communication, SQL, and Search Engine Optimization (SEO)",https://www.linkedin.com/jobs/search/?currentJobId=4007626361&distance=25&geoId=102478259&keywords=Data%20Scientist&origin=JOB_SEARCH_PAGE_KEYWORD_HISTORY&refresh=true&start=25,On-site,Full-time,Jakarta,POINT (106.84634081531794 -6.196639809431919),106.84634081531794,-6.196639809431919
30,Data Contributor,"Data Entry, Email, Information Technology, Spam Filtering",https://www.linkedin.com/jobs/search/?currentJobId=3960231565&distance=25&geoId=102478259&keywords=Data%20Scientist&origin=JOB_SEARCH_PAGE_KEYWORD_HISTORY&refresh=true&start=25,Remote,Contract,Jakarta,POINT (106.84634081531794 -6.196639809431919),106.84634081531794,-6.196639809431919
31,AI Engineer,"Angular, Artificial Intelligence (AI), Back-End Web Development, Django, Flask, Front-End Development, Spring Boot, Spring Framework, Svelte, Vue.js",https://www.linkedin.com/jobs/search/?currentJobId=4017077990&distance=25&geoId=102478259&keywords=Data%20Scientist&origin=JOB_SEARCH_PAGE_KEYWORD_HISTORY&refresh=true&start=25,Remote,Full-time,Malang,POINT (112.65 -7.98),112.65,-7.98
32,AI Data Scientist,"Analytical Skills, Analytics, Data Analysis, Data Analytics, Data Engineering, Data Science, Deep Learning, Natural Language Processing (NLP), Predictive Analytics, Resolving Issues",https://www.linkedin.com/jobs/search/?currentJobId=3954053070&distance=25&geoId=102478259&keywords=Data%20Scientist&origin=JOB_SEARCH_PAGE_KEYWORD_HISTORY&refresh=true&start=25,On-site,Full-time,Jakarta,POINT (106.84634081531794 -6.196639809431919),106.84634081531794,-6.196639809431919
33,Data Scientist,"Cluster Analysis, Communication, Data Analytics, Data Science, Natural Language Processing (NLP), Presentations, Problem Solving, R (Programming Language), SQL Server Reporting Services (SSRS), Statistical Software",https://www.linkedin.com/jobs/search/?currentJobId=3996165269&distance=25&geoId=102478259&keywords=Data%20Scientist&origin=JOB_SEARCH_PAGE_KEYWORD_HISTORY&refresh=true&start=25,On-site,Full-time,Jakarta,POINT (106.84634081531794 -6.196639809431919),106.84634081531794,-6.196639809431919
34,Data Analytic,"Business Analysis, Business Relationship Management, Communication, Data Analysis, Data Analytics, Data Modeling, Identifying Trends, Market Research, Presentations, Sales Forecasting
",https://www.linkedin.com/jobs/search/?currentJobId=4018222277&distance=25&geoId=102478259&keywords=Data%20Scientist&origin=JOB_SEARCH_PAGE_KEYWORD_HISTORY&refresh=true&start=25,On-site,Full-time,Jakarta,POINT (106.84634081531794 -6.196639809431919),106.84634081531794,-6.196639809431919
35,L1  SOC Analyst,"Cloud Security, Linux Security, Microsoft Entra ID, Security Incident Response, and Security Information and Event Management (SIEM)",https://www.linkedin.com/jobs/search/?currentJobId=4017687315&distance=25&geoId=102478259&keywords=Data%20Scientist&origin=JOB_SEARCH_PAGE_KEYWORD_HISTORY&refresh=true&start=25,Remote,Contract,Indonesia,POINT (117.343188 -0.878596),117.343188,-0.878596
36,Associate Data Scientist,"Artificial Intelligence (AI), Communication, Data Analysis, Data Analytics, Data Mining, Data Science, Machine Learning, Pattern Recognition, Predictive Modeling, Problem Solving",https://www.linkedin.com/jobs/search/?currentJobId=3961117983&distance=25&geoId=102478259&keywords=Data%20Scientist&origin=JOB_SEARCH_PAGE_KEYWORD_HISTORY&refresh=true&start=25,Hybrid,Full-time,Jakarta,POINT (106.84634081531794 -6.196639809431919),106.84634081531794,-6.196639809431919
37,Sustainability Data Analyst,"Data Analysis, Data Analytics, and Environmental, Social, and Governance (ESG)",https://www.linkedin.com/jobs/search/?currentJobId=3996426597&distance=25&geoId=102478259&keywords=Data%20Scientist&origin=JOB_SEARCH_PAGE_KEYWORD_HISTORY&refresh=true&start=25,On-site,Full-time,Jakarta,POINT (106.84634081531794 -6.196639809431919),106.84634081531794,-6.196639809431919
38,Data Scientist,"Analytics, \Attention to Detail, Communication, Data Analysis, Data Analytics, Data Collection, Data Governance, Data Science, Natural Language Processing (NLP), Problem Solving",https://www.linkedin.com/jobs/search/?currentJobId=4011461166&distance=25&geoId=102478259&keywords=Data%20Scientist&origin=JOB_SEARCH_PAGE_KEYWORD_HISTORY&refresh=true&start=25,Hybrid,Full-time,Jakarta,POINT (106.84634081531794 -6.196639809431919),106.84634081531794,-6.196639809431919
39,Data Scientist,"Data Science, Machine Learning, Python (Programming Language), R (Programming Language), SQL, and Statistics",https://www.linkedin.com/jobs/search/?currentJobId=4004155534&distance=25&geoId=102478259&keywords=Data%20Scientist&origin=JOB_SEARCH_PAGE_KEYWORD_HISTORY&refresh=true&start=25,On-site,Full-time,Jakarta,POINT (106.84634081531794 -6.196639809431919),106.84634081531794,-6.196639809431919
40,Data Architect,"DWH,Data Analytics, Data Architecture, Data Engineering, Data Governance, Data Models, Data Quality, Databases, Extract, Transform, Load (ETL), Query Writing",https://www.linkedin.com/jobs/search/?currentJobId=3981981267&distance=25&geoId=102478259&keywords=Data%20Scientist&origin=JOB_SEARCH_PAGE_KEYWORD_HISTORY&refresh=true&start=50,Hybrid,Full-time,Bali,POINT (115.2079136078647 -8.382627730607549),115.2079136078647,-8.382627730607549
41,Data Architect,"DWH, Data Analytics, Data Architecture, Data Engineering, Data Governance, Data Models, Data Quality, Databases, Extract, Transform, Load (ETL), Query Writing",https://www.linkedin.com/jobs/search/?currentJobId=3981981267&distance=25&geoId=102478259&keywords=Data%20Scientist&origin=JOB_SEARCH_PAGE_KEYWORD_HISTORY&refresh=true&start=50,Hybrid,Full-time,Bali,POINT (115.2079136078647 -8.382627730607549),115.2079136078647,-8.382627730607549
42,iOS Engineer,"Cascading Style Sheets (CSS), JSON, Mobile Application Development, Model-View-Controller (MVC), Model-view-viewmodel (MVVM), Objective-C, Python (Programming Language), Swift (Programming Language), iOS, and iOS Development",https://www.linkedin.com/jobs/search/?currentJobId=3992822344&distance=25&geoId=102478259&keywords=Data%20Scientist&origin=JOB_SEARCH_PAGE_KEYWORD_HISTORY&refresh=true&start=50,Remote,Full-time,Indonesia,POINT (117.343188 -0.878596),117.343188,-0.878596
43,Data Analyst,"Communication, Data Science, Data Visualization, Statistics, Bahasa Indonesia, Business Analysis, Dashboards",https://www.linkedin.com/jobs/search/?currentJobId=3611204797&distance=25&geoId=102478259&keywords=Data%20Scientist&origin=JOB_SEARCH_PAGE_KEYWORD_HISTORY&refresh=true&start=50,On-site,Full-time,Jakarta,POINT (106.84634081531794 -6.196639809431919),106.84634081531794,-6.196639809431919
44,Security Engineering   DevSecOps,"Communication, Good Clinical Practice (GCP), Independent Contributor, Project Management, Repositories, Security Assurance, Security Engineering, , Software Development, Technical Understanding, Technology Security",https://www.linkedin.com/jobs/search/?currentJobId=3909115853&distance=25&geoId=102478259&keywords=Data%20Scientist&origin=JOB_SEARCH_PAGE_KEYWORD_HISTORY&refresh=true&start=50,On-site,Full-time,Jakarta,POINT (106.84634081531794 -6.196639809431919),106.84634081531794,-6.196639809431919
45,Data & AI Engineering,"Analytical Skills, Communication, Data Engineering, Data Modeling, Data Governance, Data Lakes, Data Quality",https://www.linkedin.com/jobs/search/?currentJobId=4017515614&distance=25&geoId=102478259&keywords=Data%20Scientist&origin=JOB_SEARCH_PAGE_KEYWORD_HISTORY&refresh=true&start=50,On-site,Full-time,Jakarta,POINT (106.84634081531794 -6.196639809431919),106.84634081531794,-6.196639809431919
46,Data Analyst,"Analytical Skills, Communication, Data Analytics, Data Modeling, Data Visualization, Problem Solving, Statistics, Data Manipulation, Databases, Statistical Inference",https://www.linkedin.com/jobs/search/?currentJobId=3987507231&distance=25&geoId=102478259&keywords=Data%20Scientist&origin=JOB_SEARCH_PAGE_KEYWORD_HISTORY&refresh=true&start=50,On-site,Full-time,Jakarta,POINT (106.84634081531794 -6.196639809431919),106.84634081531794,-6.196639809431919
47,Graduate Analyst Program  Artificial Intelligence & Data  Oct 2024 Intake,"Analytical Skills, Communication, Attention to Detail, Computer Science, Critical Thinking, Geospatial Intelligence, Metadata Management, Presentation Preparation, Presentations, Stressful Situations",https://www.linkedin.com/jobs/search/?currentJobId=3982705348&distance=25&geoId=102478259&keywords=Data%20Scientist&origin=JOB_SEARCH_PAGE_KEYWORD_HISTORY&refresh=true&start=50,On-site,Full-time,Jakarta,POINT (106.84634081531794 -6.196639809431919),106.84634081531794,-6.196639809431919
48,Analyst,"Analytical Skills, Communication, Business Insights, Key Account Management, Key Accounts, Market Data, Negotiation, New Business Opportunities, Sales Target Management, Strategic Accounts",https://www.linkedin.com/jobs/search/?currentJobId=4018199570&distance=25&geoId=102478259&keywords=Data%20Scientist&origin=JOB_SEARCH_PAGE_KEYWORD_HISTORY&refresh=true&start=50,On-site,Full-time,Muarajawa,POINT (117.25127801657455 -0.8262358101933909),117.25127801657456,-0.8262358101933909
49,Network Data Analyst,"Data Analytics, Data Modeling, Data Science, Data Visualization, Critical Thinking, Data Architecture, Data Models, Information Graphics, Presentations, Technical Proficiency",https://www.linkedin.com/jobs/search/?currentJobId=4001436716&distance=25&geoId=102478259&keywords=Data%20Scientist&origin=JOB_SEARCH_PAGE_KEYWORD_HISTORY&refresh=true&start=50,On-site,Full-time,Jakarta,POINT (106.84634081531794 -6.196639809431919),106.84634081531794,-6.196639809431919
50,Data & Analytics,Analytics,https://www.linkedin.com/jobs/search/?currentJobId=4017994509&distance=25&geoId=102478259&keywords=Data%20Scientist&origin=JOB_SEARCH_PAGE_KEYWORD_HISTORY&refresh=true&start=50,Hybrid,Full-time,Jakarta,POINT (106.84634081531794 -6.196639809431919),106.84634081531794,-6.196639809431919
51,Domain   Cortex,"Cortex, Customer Experience Management, Customer-Focused Selling, Cyber Threat Hunting (CTH), Embraces Change, High-Level Design, Level Design, Problem Finding, Security Information and Event Management (SIEM), Value Realization",https://www.linkedin.com/jobs/search/?currentJobId=4008206932&distance=25&geoId=102478259&keywords=Data%20Scientist&origin=JOB_SEARCH_PAGE_KEYWORD_HISTORY&refresh=true&start=50,On-site,Full-time,Jakarta,POINT (106.84634081531794 -6.196639809431919),106.84634081531794,-6.196639809431919
52,Data Architect,Databases and Hadoop,https://www.linkedin.com/jobs/search/?currentJobId=3943333431&distance=25&geoId=102478259&keywords=Data%20Scientist&origin=JOB_SEARCH_PAGE_KEYWORD_HISTORY&refresh=true&start=50,On-site,Full-time,Tangerang,POINT (106.65 -6.15),106.65,-6.15
53,Regional Domain   Cortex,"Customer Experience Management, Cyber Threat Hunting (CTH), EDR, Embraces Change, High-Level Design, Level Design, Problem Finding, Security Incident Response, Security Information and Event Management (SIEM), Value Realization",https://www.linkedin.com/jobs/search/?currentJobId=4008294046&distance=25&geoId=102478259&keywords=Data%20Scientist&origin=JOB_SEARCH_PAGE_KEYWORD_HISTORY&refresh=true&start=50,On-site,Full-time,Jakarta,POINT (106.84634081531794 -6.196639809431919),106.84634081531794,-6.196639809431919
54,Data Contributor,"Data Entry, Email, Information Technology, and Spam Filtering",https://www.linkedin.com/jobs/search/?currentJobId=3960232487&distance=25&geoId=102478259&keywords=Data%20Scientist&origin=JOB_SEARCH_PAGE_KEYWORD_HISTORY&refresh=true&start=50,Remote,Contract,Bekasi,POINT (106.95 -6.2),106.95,-6.2
55,Advanced Analysis Engineer Level I,"Communication, Abaqus, Computational Fluid Dynamics (CFD), Computer Software Training, Computer-Aided Engineering (CAE), Finite Element Analysis (FEA), Mathematical Modeling, Presales, Presentations, Software Sales",https://www.linkedin.com/jobs/search/?currentJobId=3956771659&distance=25&geoId=102478259&keywords=Data%20Scientist&origin=JOB_SEARCH_PAGE_KEYWORD_HISTORY&refresh=true&start=50,Hybrid,Full-time,Jakarta,POINT (106.84634081531794 -6.196639809431919),106.84634081531794,-6.196639809431919
56,Database Engineer –,"Data Modeling, Database Development, SQL, Data Architecture, Database Design, Databases, PostgreSQL, Query Optimization, Query Writing, Stored Procedures",https://www.linkedin.com/jobs/search/?currentJobId=3945927535&distance=25&geoId=102478259&keywords=Data%20Scientist&origin=JOB_SEARCH_PAGE_KEYWORD_HISTORY&refresh=true&start=50,Hybrid,Full-time,Bali,POINT (115.2079136078647 -8.382627730607549),115.2079136078647,-8.382627730607549
57,Software Engineer,"Computer Science, JavaScript, Linux, Mobile Application Development, Mobile Applications, PHP, Programming, Relational Databases, SQL, and Web Applications",https://www.linkedin.com/jobs/search/?currentJobId=4013930965&distance=25&geoId=102478259&keywords=Data%20Scientist&origin=JOB_SEARCH_PAGE_KEYWORD_HISTORY&refresh=true&start=50,On-site,Full-time,Surabaya,POINT (112.740515 -7.244582),112.740515,-7.244582
58,Electrical Engineer – Renewable Energy,"AutoCAD, Control Systems Design, Electrical Design, Electrical Engineering, IEC, IEEE, PVSyst, Power Distribution, Power Generation, and Project Design",https://www.linkedin.com/jobs/search/?currentJobId=4016497335&distance=25&geoId=102478259&keywords=Data%20Scientist&origin=JOB_SEARCH_PAGE_KEYWORD_HISTORY&refresh=true&start=75,On-site,Full-time,Jakarta,POINT (106.84634081531794 -6.196639809431919),106.84634081531794,-6.196639809431919
59,Sales Engineer,"Customer Support, IP Networking, Internet Protocol Suite (TCP/IP), Linux, Networking, Post-Sales, Pre/Post Sales Engineers, Product Demonstration, Python (Programming Language), Sales Engineering, and Technical Support",https://www.linkedin.com/jobs/search/?currentJobId=4005602031&distance=25&geoId=102478259&keywords=Data%20Scientist&origin=JOB_SEARCH_PAGE_KEYWORD_HISTORY&refresh=true&start=75,Hybrid,Contract,Jakarta,POINT (106.84634081531794 -6.196639809431919),106.84634081531794,-6.196639809431919
60,UX/UI Engineer,"Design Engineering, Figma (Software), Front-End Design, Front-end Engineering, JavaScript, Product Design, TypeScript, User Experience Design (UED), User Interface Design, and Web Design",https://www.linkedin.com/jobs/search/?currentJobId=4007646471&distance=25&geoId=102478259&keywords=Data%20Scientist&origin=JOB_SEARCH_PAGE_KEYWORD_HISTORY&refresh=true&start=75,Remote,Full-time,Indonesia,POINT (117.343188 -0.878596),117.343188,-0.878596
61,Cloud Engineer,"Amazon Web Services (AWS), Ansible, Cloud Infrastructure, Continuous Integration and Continuous Delivery (CI/CD), Gitlab, IT Security Best Practices, Infrastructure as code (IaC), Jenkins, Python (Programming Language), and Terraform",https://www.linkedin.com/jobs/search/?currentJobId=4007749217&distance=25&geoId=102478259&keywords=Data%20Scientist&origin=JOB_SEARCH_PAGE_KEYWORD_HISTORY&refresh=true&start=75,Hybrid,Full-time,Jakarta,POINT (106.84634081531794 -6.196639809431919),106.84634081531794,-6.196639809431919
62,Full Stack Engineer,"Automation, Back-end Operations, Cloud Computing, Continuous Integration and Continuous Delivery (CI/CD), Databases, Front-End Development, Full-Stack Development, Java, Scripting, Virtual Machines, and jQuery",https://www.linkedin.com/jobs/search/?currentJobId=3920679631&distance=25&geoId=102478259&keywords=Data%20Scientist&origin=JOB_SEARCH_PAGE_KEYWORD_HISTORY&refresh=true&start=75,On-site,Full-time,Jakarta,POINT (106.84634081531794 -6.196639809431919),106.84634081531794,-6.196639809431919
63,Early Childhood Brain Training Coach,"Coaching, Cognitive Behavioral Therapy (CBT), Cognitive Neuroscience, Cognitive Science, Early Childhood Development, Education, Neuroscience, Psychology, Teaching, Working with Children",https://www.linkedin.com/jobs/search/?currentJobId=4018000767&distance=25&geoId=102478259&keywords=Data%20Scientist&origin=JOB_SEARCH_PAGE_KEYWORD_HISTORY&refresh=true&start=75,On-site,Full-time,Jakarta,POINT (106.84634081531794 -6.196639809431919),106.84634081531794,-6.196639809431919
64,Backend Engineer,"Amazon Web Services (AWS), Cloud Services, Computer Science, Continuous Integration and Continuous Delivery (CI/CD), Google Cloud Platform (GCP), MongoDB, NoSQL, RDBMS, SQL, and Skill Development",https://www.linkedin.com/jobs/search/?currentJobId=4006410047&distance=25&geoId=102478259&keywords=Data%20Scientist&origin=JOB_SEARCH_PAGE_KEYWORD_HISTORY&refresh=true&start=75,Hybrid,Full-time,Jakarta,POINT (106.84634081531794 -6.196639809431919),106.84634081531794,-6.196639809431919
65,Full Stack Engineer,"ASP.NET, C (Programming Language), C#, Cascading Style Sheets (CSS), Communication, Computer Engineering, Computer Science, Databases, HTML, JavaScript, Software Development, and Technical Skillset",https://www.linkedin.com/jobs/search/?currentJobId=4013041812&distance=25&geoId=102478259&keywords=Data%20Scientist&origin=JOB_SEARCH_PAGE_KEYWORD_HISTORY&refresh=true&start=75,Hybrid,Full-time,Tangerang,POINT (106.65 -6.15),106.65,-6.15
66,Medical Affairs,"Business Insights, Clinical Trials, Communication, English, Medical Affairs, Medical Review, Project Management, Strategic Thinking, and Team Leadership",https://www.linkedin.com/jobs/search/?currentJobId=3992286142&distance=25&geoId=102478259&keywords=Data%20Scientist&origin=JOB_SEARCH_PAGE_KEYWORD_HISTORY&refresh=true&start=75,On-site,Full-time,Jakarta,POINT (106.84634081531794 -6.196639809431919),106.84634081531794,-6.196639809431919
67,Sales Engineer,Predictive Maintenance and Sales Engineering,https://www.linkedin.com/jobs/search/?currentJobId=4007754464&distance=25&geoId=102478259&keywords=Data%20Scientist&origin=JOB_SEARCH_PAGE_KEYWORD_HISTORY&refresh=true&start=75,On-site,Full-time,Jakarta,POINT (106.84634081531794 -6.196639809431919),106.84634081531794,-6.196639809431919
68,Artificial Intelligence & Data  Financial Services  ID,"Account Planning, Analitik Data, Cloudera, Ilmu Data, Jasa Keuangan, Kecerdasan Buatan (AI), Programming Languages, Project Finance, Scala, Team Problem Solving",https://www.linkedin.com/jobs/search/?currentJobId=4009869119&distance=25&geoId=102478259&keywords=Data%20Scientist&origin=JOB_SEARCH_PAGE_KEYWORD_HISTORY&refresh=true&start=75,On-site,Full-time,Jakarta,POINT (106.84634081531794 -6.196639809431919),106.84634081531794,-6.196639809431919
69,Data Science,Data Science and SQL,https://www.linkedin.com/jobs/search/?currentJobId=3998725784&distance=25&geoId=102478259&keywords=Data%20Scientist&origin=JOB_SEARCH_PAGE_KEYWORD_HISTORY&refresh=true&start=75,On-site,Full-time,Jakarta,POINT (106.84634081531794 -6.196639809431919),106.84634081531794,-6.196639809431919
70,Software Engineer,"Data Science, Data Structures, Hadoop, Keras, Machine Learning, PostgreSQL, PyTorch, Python (Programming Language), SQL, and TensorFlow",https://www.linkedin.com/jobs/search/?currentJobId=3952661885&distance=25&geoId=102478259&keywords=Data%20Scientist&origin=JOB_SEARCH_PAGE_KEYWORD_HISTORY&refresh=true&start=75,Hybrid,Full-time,Jakarta,POINT (106.84634081531794 -6.196639809431919),106.84634081531794,-6.196639809431919
71,Artificial Intelligence Engineer,"Angular, Artificial Intelligence (AI), Back-End Web Development, Django, Flask, Front-End Development, Spring Boot, Spring Framework, Svelte, Vue.js",https://www.linkedin.com/jobs/search/?currentJobId=4017074909&distance=25&geoId=102478259&keywords=Data%20Scientist&origin=JOB_SEARCH_PAGE_KEYWORD_HISTORY&refresh=true&start=75,Remote,Full-time,Bandung,POINT (107.608800 -6.899350),107.6088,-6.89935
72,Data Scientist,"Algorithms, Data Manipulation, Data Science, Data Visualization, Image Editing, Machine Learning, NumPy, Pandas (Software), Pattern Recognition, Time Series Analysis",https://www.linkedin.com/jobs/search/?currentJobId=4005880938&distance=25&geoId=102478259&keywords=Data%20Scientist&origin=JOB_SEARCH_PAGE_KEYWORD_HISTORY&refresh=true&start=75,On-site,Full-time,Jakarta,POINT (106.84634081531794 -6.196639809431919),106.84634081531794,-6.196639809431919
73,Data Scientist,"Algorithms, Data Manipulation, Data Science, Data Visualization, Image Editing, Machine Learning, NumPy, Pandas (Software), Pattern Recognition, Time Series Analysis",https://www.linkedin.com/jobs/search/?currentJobId=4005880938&distance=25&geoId=102478259&keywords=Data%20Scientist&origin=JOB_SEARCH_PAGE_KEYWORD_HISTORY&refresh=true&start=75,On-site,Full-time,Jakarta,POINT (106.84634081531794 -6.196639809431919),106.84634081531794,-6.196639809431919
74,Spesialis Pengolah Data,"Asterisk (PBX), Computer Science, Data Analytics, Data Engineering, Data Science, Matplotlib, Natural Language Processing (NLP), Pandas (Software), Predictive Analytics, R (Programming Language)",https://www.linkedin.com/jobs/search/?currentJobId=4002865584&distance=25&geoId=102478259&keywords=Data%20Scientist&origin=JOB_SEARCH_PAGE_KEYWORD_HISTORY&refresh=true&start=75,On-site,Full-time,Jakarta,POINT (106.84634081531794 -6.196639809431919),106.84634081531794,-6.196639809431919
75,/ Staff Data Scientist,"Computer Vision, Data Engineering, Data Science, Image Processing, Natural Language Processing (NLP), Pattern Recognition, PySpark, Recommender Systems, Scala, and Statistics",https://www.linkedin.com/jobs/search/?currentJobId=3736670007&distance=25&geoId=102478259&keywords=Data%20Scientist&origin=JOB_SEARCH_PAGE_KEYWORD_HISTORY&refresh=true&start=100,Hybrid,Full-time,Jakarta,POINT (106.84634081531794 -6.196639809431919),106.84634081531794,-6.196639809431919
76,[ID] Sales Engineer  BytePlus,"Attitude Change, Demos, Job Skills, Knowledge Acquisition, Presentations, Sales Acumen, Sales Engineering, Server Side, Show Calling, and Strategic Thinking",https://www.linkedin.com/jobs/search/?currentJobId=3358803884&distance=25&geoId=102478259&keywords=Data%20Scientist&origin=JOB_SEARCH_PAGE_KEYWORD_HISTORY&refresh=true&start=100,On-site,Full-time,Jakarta,POINT (106.84634081531794 -6.196639809431919),106.84634081531794,-6.196639809431919
77,Associate / Security Analyst,"Cybersecurity, Incident Response, Linux, Managed Detection and Response (MDR), Security Information and Event Management (SIEM), Unix, and Web Application Firewalls",https://www.linkedin.com/jobs/search/?currentJobId=3978066038&distance=25&geoId=102478259&keywords=Data%20Scientist&origin=JOB_SEARCH_PAGE_KEYWORD_HISTORY&refresh=true&start=100,Remote,Full-time,Jakarta,POINT (106.84634081531794 -6.196639809431919),106.84634081531794,-6.196639809431919
78,Data Engineer,"Deep Learning, Git, Matplotlib, NoSQL, NumPy, Object-Oriented Programming (OOP), Pandas (Software), Python (Programming Language), SQL, and Seaborn",https://www.linkedin.com/jobs/search/?currentJobId=3999421832&distance=25&geoId=102478259&keywords=Data%20Scientist&origin=JOB_SEARCH_PAGE_KEYWORD_HISTORY&refresh=true&start=100,Remote,Contract,Indonesia,POINT (117.343188 -0.878596),117.343188,-0.878596
79,Data Engineer & Analytics,"Amazon Redshift, Amazon Web Services (AWS), English, Google BigQuery, MySQL, OLAP, PostgreSQL, Python (Programming Language), SQL, and Scala",https://www.linkedin.com/jobs/search/?currentJobId=4012135137&distance=25&geoId=102478259&keywords=Data%20Scientist&origin=JOB_SEARCH_PAGE_KEYWORD_HISTORY&refresh=true&start=100,Hybrid,Full-time,Jakarta,POINT (106.84634081531794 -6.196639809431919),106.84634081531794,-6.196639809431919
80,Data,"Business Insights, Data Analytics, Data Science, Data Visualization, Quality Processes, Statistical Analysis, Team Management, and Visualization",https://www.linkedin.com/jobs/search/?currentJobId=4002199284&distance=25&geoId=102478259&keywords=Data%20Scientist&origin=JOB_SEARCH_PAGE_KEYWORD_HISTORY&refresh=true&start=100,Hybrid,Full-time,Jakarta,POINT (106.84634081531794 -6.196639809431919),106.84634081531794,-6.196639809431919
81,Data Analyst,"Analytical Skills, Analytics, Data Analytics, and English",https://www.linkedin.com/jobs/search/?currentJobId=4003947176&distance=25&geoId=102478259&keywords=Data%20Scientist&origin=JOB_SEARCH_PAGE_KEYWORD_HISTORY&refresh=true&start=100,Hybrid,Full-time,Jakarta,POINT (106.84634081531794 -6.196639809431919),106.84634081531794,-6.196639809431919
82,/ Staff Data Scientist,"Computer Vision, Data Engineering, Data Science, Image Processing, Natural Language Processing (NLP), Pattern Recognition, PySpark, Recommender Systems, Scala, and Statistics",https://www.linkedin.com/jobs/search/?currentJobId=3751172775&distance=25&geoId=102478259&keywords=Data%20Scientist&origin=JOB_SEARCH_PAGE_KEYWORD_HISTORY&refresh=true&start=125,Hybrid,Full-time,Bali,POINT (115.2079136078647 -8.382627730607549),115.2079136078647,-8.382627730607549
83,Chief Engineer,"Marine Engineering, Oil and Gas, STCW, Seamanship, Tanker Operations, and Tanker Ships",https://www.linkedin.com/jobs/search/?currentJobId=4012118239&distance=25&geoId=102478259&keywords=Data%20Scientist&origin=JOB_SEARCH_PAGE_KEYWORD_HISTORY&refresh=true&start=125,On-site,Full-time,Jakarta,POINT (106.84634081531794 -6.196639809431919),106.84634081531794,-6.196639809431919
84,Data Analyst,"Analytical Skills, Dashboard Building, Data Analysis, Data Analytics, Data Visualization, Excel Dashboards, Microsoft Excel, Microsoft Power BI, SQL, VBA Excel, and Visualization",https://www.linkedin.com/jobs/search/?currentJobId=4006593216&distance=25&geoId=102478259&keywords=Data%20Scientist&origin=JOB_SEARCH_PAGE_KEYWORD_HISTORY&refresh=true&start=125,On-site,Full-time,Jakarta,POINT (106.84634081531794 -6.196639809431919),106.84634081531794,-6.196639809431919
85,Health Analyst,"Biochemistry, Biology, Communication, Healthcare Analytics, Laboratory Information Management System (LIMS), Laboratory Skills, Laboratory Techniques, Microbiology, Microscopes, Molecular Biology, and Pathology",https://www.linkedin.com/jobs/search/?currentJobId=3999658505&distance=25&geoId=102478259&keywords=Data%20Scientist&origin=JOB_SEARCH_PAGE_KEYWORD_HISTORY&refresh=true&start=125,On-site,Full-time,Jakarta,POINT (106.84634081531794 -6.196639809431919),106.84634081531794,-6.196639809431919
86,Data Scientist,"Data Science, Presentation Skills, Problem Solving, PyTorch, Python (Programming Language), R (Programming Language), SQL, Scikit-Learn, Statistical Modeling, Tableau, and TensorFlow",https://www.linkedin.com/jobs/search/?currentJobId=4013937462&distance=25&geoId=102478259&keywords=Data%20Scientist&origin=JOB_SEARCH_PAGE_KEYWORD_HISTORY&refresh=true&start=125,Hybrid,Full-time,Jakarta,POINT (106.84634081531794 -6.196639809431919),106.84634081531794,-6.196639809431919
87,Data Engineer,"Amazon Web Services (AWS), Docker Products, Python (Programming Language), SQL, and Software Development Life Cycle (SDLC)",https://www.linkedin.com/jobs/search/?currentJobId=3979555386&distance=25&geoId=102478259&keywords=Data%20Scientist&origin=JOB_SEARCH_PAGE_KEYWORD_HISTORY&refresh=true&start=150,On-site,Contract,Jakarta,POINT (106.84634081531794 -6.196639809431919),106.84634081531794,-6.196639809431919
88,Core Data Architect,"Azure Data Factory, Azure Data Lake, Azure Databricks, Big Data, Data Architecture, Data Warehouse Architecture, ETL Tools, Extract, Transform, Load (ETL), and Microsoft Azure",https://www.linkedin.com/jobs/search/?currentJobId=4001665019&distance=25&geoId=102478259&keywords=Data%20Scientist&origin=JOB_SEARCH_PAGE_KEYWORD_HISTORY&refresh=true&start=150,On-site,Full-time,Jakarta,POINT (106.84634081531794 -6.196639809431919),106.84634081531794,-6.196639809431919
89,Data/Platform Network Engineer,"Amazon Web Services (AWS), Bash, Google Cloud Platform (GCP), Linux, Microsoft Azure, and Python (Programming Language)",https://www.linkedin.com/jobs/search/?currentJobId=4015197004&distance=25&geoId=102478259&keywords=Data%20Scientist&origin=JOB_SEARCH_PAGE_KEYWORD_HISTORY&refresh=true&start=150,Remote,Contract,Indonesia,POINT (117.343188 -0.878596),117.343188,-0.878596
90,L2 SOC Analyst,"Crowdstrike Falcon, Identity and Access Management (IAM), Microsoft Defender, and Security Incident Response",https://www.linkedin.com/jobs/search/?currentJobId=4017688485&distance=25&geoId=102478259&keywords=Data%20Scientist&origin=JOB_SEARCH_PAGE_KEYWORD_HISTORY&refresh=true&start=175,Remote,Contract,Indonesia,POINT (117.343188 -0.878596),117.343188,-0.878596
91,/ Staff Data Scientist,"Computer Vision, Data Engineering, Data Science, Image Processing, Natural Language Processing (NLP), Pattern Recognition, PySpark, Recommender Systems, Scala, and Statistics",https://www.linkedin.com/jobs/search/?currentJobId=3736663953&distance=25&geoId=102478259&keywords=Data%20Scientist&origin=JOB_SEARCH_PAGE_KEYWORD_HISTORY&refresh=true&start=175,Hybrid,Full-time,Bandung,POINT (107.608800 -6.899350),107.6088,-6.89935
92,Data Science,"Analytical Skills, Data Analytics, Data Science, Machine Learning, Skill Development, Teaching, and University Lecturing",https://www.linkedin.com/jobs/search/?currentJobId=3917518314&distance=25&geoId=102478259&keywords=Data%20Scientist&origin=JOB_SEARCH_PAGE_KEYWORD_HISTORY&refresh=true&start=175,On-site,Full-time,Tangerang,POINT (106.65 -6.15),106.65,-6.15
93,Ecommerce Data Analyst,"Analytical Skills, Data Analysis, Data Analytics, Data Modeling, Data Visualization, Databases, Extract, Transform, Load (ETL), Google Data Studio, Marketing Data Analysis, Problem Solving, SQL, and Statistics",https://www.linkedin.com/jobs/search/?currentJobId=4018561678&distance=25&geoId=102478259&keywords=Data%20Scientist&origin=JOB_SEARCH_PAGE_KEYWORD_HISTORY&refresh=true&start=175,Remote,Contract,Indonesia,POINT (117.343188 -0.878596),117.343188,-0.878596
94,Machine Learning Engineer,"Natrual Language Processing, Machine Learning, Feature Extraction, Evaluate Model, Collaboration",https://www.linkedin.com/jobs/search/?currentJobId=3997376133&distance=25&geoId=102478259&keywords=Data%20Scientist&origin=JOB_SEARCH_PAGE_KEYWORD_HISTORY&refresh=true&start=225,On-site,Full-time,Jakarta,POINT (106.84634081531794 -6.196639809431919),106.84634081531794,-6.196639809431919
95,Data Scientist   Bandung,"Data Science, Machine Learning, Python (Programming Language), and SQL",https://www.linkedin.com/jobs/search/?currentJobId=4016466287&distance=25&geoId=102478259&keywords=Data%20Scientist&origin=JOB_SEARCH_PAGE_KEYWORD_HISTORY&refresh=true&start=225,On-site,Full-time,Bandung,POINT (107.608800 -6.899350),107.6088,-6.89935
96,Data Engineer,"Analytics, Big Data, Data Analytics, Data Engineering, Data Warehousing, Java, Linux, MySQL, Python (Programming Language), SQL, and Snowflake",https://www.linkedin.com/jobs/search/?currentJobId=4008393311&distance=25&geoId=102478259&keywords=Data%20Scientist&origin=JOB_SEARCH_PAGE_KEYWORD_HISTORY&refresh=true&start=225,On-site,Full-time,Jakarta,POINT (106.84634081531794 -6.196639809431919),106.84634081531794,-6.196639809431919
97,Data Center Engineer,"Active Directory, Data Centers, High Availability (HA), Information Technology, Microsoft Exchange, Microsoft Products, Operating Systems, Red Hat Linux, Replication (Computing), SAP Products, and Server Management",https://www.linkedin.com/jobs/search/?currentJobId=4008370672&distance=25&geoId=102478259&keywords=Data%20Scientist&origin=JOB_SEARCH_PAGE_KEYWORD_HISTORY&refresh=true&start=225,On-site,Full-time,Jakarta,POINT (106.84634081531794 -6.196639809431919),106.84634081531794,-6.196639809431919
98,Security Engineer  Blue Team,"Burp Suite, Cybersecurity, Ethical Hacking, Firewalls, GPEN, Metasploit, OSCP, Python (Programming Language), Security Information and Event Management (SIEM), and Vulnerability Assessment",https://www.linkedin.com/jobs/search/?currentJobId=4004277562&distance=25&geoId=102478259&keywords=Data%20Scientist&origin=JOB_SEARCH_PAGE_KEYWORD_HISTORY&refresh=true&start=225,Hybrid,Full-time,Jakarta,POINT (106.84634081531794 -6.196639809431919),106.84634081531794,-6.196639809431919
99,Data Analyst,"Analytical Skills, Applied Mathematics, Data Analysis, Data Analytics, Mathematics Education, SQL, and Visualization",https://www.linkedin.com/jobs/search/?currentJobId=4013933868&distance=25&geoId=102478259&keywords=Data%20Scientist&origin=JOB_SEARCH_PAGE_KEYWORD_HISTORY&refresh=true&start=250,Hybrid,Full-time,Jakarta,POINT (106.84634081531794 -6.196639809431919),106.84634081531794,-6.196639809431919
100,Data Engineer,"Apache Spark, Data Analysis, Data Analytics, Data Engineering, Data Marts, Data Science, Data Warehousing, Databases, Extract, Transform, Load (ETL), and OLAP Cubes",https://www.linkedin.com/jobs/search/?currentJobId=4017510683&distance=25&geoId=102478259&keywords=Data%20Scientist&origin=JOB_SEARCH_PAGE_KEYWORD_HISTORY&refresh=true&start=300,On-site,Contract,Jakarta,POINT (106.84634081531794 -6.196639809431919),106.84634081531794,-6.196639809431919
101,Data Engineer,"Cloud Computing, Data Pipelines, Data Warehousing, English, Google Cloud Platform (GCP), Java, Presales, Python (Programming Language), SQL, and Technical Leadership",https://www.linkedin.com/jobs/search/?currentJobId=3994132976&distance=25&geoId=102478259&keywords=Data%20Scientist&origin=JOB_SEARCH_PAGE_KEYWORD_HISTORY&refresh=true&start=300,Hybrid,Full-time,Jakarta,POINT (106.84634081531794 -6.196639809431919),106.84634081531794,-6.196639809431919
102,Data Analyst,"A/B Testing, Business Insights, Data Analysis, Data Analytics, Hypothesis Testing, Marketing, Marketing Mix Modeling, SQL, and Statistics",https://www.linkedin.com/jobs/search/?currentJobId=4016174570&distance=25&geoId=102478259&keywords=Data%20Scientist&origin=JOB_SEARCH_PAGE_KEYWORD_HISTORY&refresh=true&start=400,On-site,Full-time,Jakarta,POINT (106.84634081531794 -6.196639809431919),106.84634081531794,-6.196639809431919
